DomainName,DaysUntilExpiry
aclmanager.hungrytext.com,-544
api-bluetone.tcpaas.com,-245
apidocs-bluetone.tcpaas.com,-244
champion.telecomcloud.us,-254
chat-dev.voiceadmins.com,-338
chat.hungrytext.com,-544
chat.hungryvoice.com,-254
chatdev.hungrytext.com,-544
cigotracker.hungrytext.com,-544
demo.hungrytext.com,-544
demo.tcpaas.com,-429
demo.voiceadmins.com,-338
demomenu.hungrytexts.com,-1334
demoportal.telecomcloud.us,-338
dev.hungrytext.com,-544
didyou.onboardsoft.com,-544
fr-sms.tcpaas.com,-413
frreseller.tcpaas.com,-264
gg.hungrytab.com,-445
git.tcpaas.com,-544
gvc.onboardsoft.com,-621
handyman.tcpaas.com,-7
hungryvoice.tcpaas.com,-868
hv.tcpaas.com,-965
images.hungrytext.com,-544
intrado.tcpaas.com,-429
ivr.hungrytext.com,-937
leads-dev.hungryvoice.com,-667
manage.tcpaas.com,-338
menu.hungrytext.com,-544
menu.hungrytexts.com,5
mobydickhok.hungrytext.com,-544
mobyskabob.hungrytext.com,-544
montanabrothers.hungrytext.com,-544
nsadmin.tcpaas.com,-867
nsdev.hungrytext.com,-544
pay.hungryvoice.com,-338
payments.hungrytext.com,-544
pdq.hungrytext.com,-544
pizzahutsanpedromx.hungrytext.com,-544
pocagain.hungrytext.com,-544
portal.hungrytab.com,-888
portal.hungrytext.com,-937
portal.hungryvoice.com,-868
pos.hungrytext.com,-544
production.hungrytext.com,-544
saffran.hungrytext.com,-544
sajid.tcpaas.com,-124
see.hungrytext.com,-544
shop.hungrytab.com,-445
signup.hungrytext.com,-544
signup.hungrytexts.com,-544
smsdev.tcpaas.com,-965
switchboard.hungrytext.com,-544
system.hungryautomation.com,-691
templates.tcpaas.com,-429
test.hungrytext.com,-544
thetelco.telecomcloud.us,-254
valita.tcpaas.com,-254
voiceadvert.com,-544
vvl.onboardsoft.com,-621
